{"results":[{"filePath":"favicon.ico","success":false,"error":{"methodName":"constructor"}},{"filePath":"images/192x192.png","success":true},{"filePath":"images/512x512.png","success":true},{"filePath":"next-steps.html","success":true},{"filePath":"manifest.json","success":true},{"filePath":"pwabuilder-sw/pwabuilder-sw-register.js","success":true},{"filePath":"pwabuilder-sw/pwabuilder-sw.js","success":true}],"errors":[{"filePath":"favicon.ico","success":false,"error":{"methodName":"constructor"}}]}